date,records,runtime_minutes
2026-01-01,29899,95.2145
2026-01-02,41200,141.7256
2026-01-03,15616,51.6741
2026-01-04,8790,46.7393
2026-01-05,32722,105.698
2026-01-06,33292,102.1926
2026-01-07,28910,95.0024
2026-01-08,33637,99.3352
2026-01-09,43603,163.1893
2026-01-10,14432,55.7175
2026-01-11,10553,46.0484
2026-01-12,27316,88.7638
2026-01-13,33788,97.2106
2026-01-14,28721,93.9213
2026-01-15,28682,85.3341
2026-01-16,36937,116.9656
2026-01-17,12319,59.7406
2026-01-18,8540,43.6936
2026-01-19,27822,85.724
2026-01-20,28348,90.5248
2026-01-21,25085,77.9405
2026-01-22,28419,86.5242
2026-01-23,39768,133.1688
2026-01-24,12953,49.2269
2026-01-25,7532,37.1183
2026-01-26,34425,107.0059
2026-01-27,32178,107.7458
2026-01-28,27630,89.3844
2026-01-29,29672,93.6815
2026-01-30,35202,102.1897
2026-01-31,10580,50.1085
2026-02-01,8401,39.9617
2026-02-02,33431,108.4852
2026-02-03,27877,88.5164
2026-02-04,26505,91.6479
2026-02-05,28354,87.0268
2026-02-06,40699,141.8751
2026-02-07,10846,44.7394
2026-02-08,5724,31.6379
2026-02-09,31951,99.5722
2026-02-10,30651,95.7638
2026-02-11,28516,81.4378
2026-02-12,27720,82.7657
2026-02-13,29614,88.7778
2026-02-14,14473,56.5066
2026-02-15,6741,33.402
2026-02-16,32521,102.0236
2026-02-17,28131,90.8816
2026-02-18,25578,82.7229
2026-02-19,28433,80.8175
2026-02-20,32125,106.2947
2026-02-21,11478,48.8412
2026-02-22,8156,36.5603
2026-02-23,32615,101.3757
2026-02-24,37633,120.2121
2026-02-25,25703,83.1613
2026-02-26,34248,100.9259
2026-02-27,37098,127.414
2026-02-28,12995,50.1275
2026-03-01,8321,41.3902
2026-03-02,33525,99.9385
2026-03-03,27302,90.5563
2026-03-04,29608,98.9188
2026-03-05,32104,100.2807
2026-03-06,32974,98.3519
2026-03-07,15162,58.1514
2026-03-08,9330,41.8885
2026-03-09,33792,107.1904
2026-03-10,30887,97.6186
2026-03-11,27549,89.5235
2026-03-12,34000,103.4881
2026-03-13,43091,160.5764
2026-03-14,13256,52.3914
2026-03-15,9539,48.1504
2026-03-16,39995,138.8434
2026-03-17,31451,99.9916
2026-03-18,27200,85.0093
2026-03-19,33793,101.9578
2026-03-20,36435,109.6675
2026-03-21,11782,47.2746
2026-03-22,6547,32.1558
2026-03-23,32625,90.8957
2026-03-24,25967,79.4135
2026-03-25,27583,80.9412
2026-03-26,23213,74.8353
2026-03-27,30940,93.6099
2026-03-28,13270,56.188
2026-03-29,8673,40.0746
2026-03-30,32771,97.4223
2026-03-31,28737,87.9101
2026-04-01,20691,67.8452
2026-04-02,30193,91.3713
2026-04-03,32481,100.9642
2026-04-04,8937,37.9057
2026-04-05,6530,35.2637
2026-04-06,28390,92.9021
2026-04-07,30298,91.5873
2026-04-08,27566,86.8093
2026-04-09,37585,127.992
2026-04-10,41494,150.7342
2026-04-11,12454,47.7781
2026-04-12,8852,42.5819
2026-04-13,29092,89.7512
2026-04-14,32135,95.0279
2026-04-15,27361,89.8403
2026-04-16,31199,92.2407
2026-04-17,38234,122.8559
2026-04-18,13524,51.0592
2026-04-19,9054,43.8133
2026-04-20,36560,117.0405
2026-04-21,32820,97.3667
2026-04-22,22815,74.7524
2026-04-23,29562,90.2621
2026-04-24,36838,119.4743
2026-04-25,13105,51.7789
2026-04-26,9757,39.4183
2026-04-27,37069,120.9748
2026-04-28,30827,89.5763
2026-04-29,28489,87.5255
2026-04-30,34428,96.2155
2026-05-01,38537,131.2394
2026-05-02,13676,51.3257
2026-05-03,10944,47.5059
2026-05-04,37370,130.4031
2026-05-05,26873,86.1018
2026-05-06,32275,99.4174
2026-05-07,28089,85.8484
2026-05-08,37072,118.7119
2026-05-09,10074,41.1517
2026-05-10,8781,41.9151
2026-05-11,26992,87.1972
2026-05-12,29893,93.5132
2026-05-13,33664,100.9435
2026-05-14,31025,94.5589
2026-05-15,35233,106.0494
2026-05-16,10108,42.2017
2026-05-17,6833,36.655
2026-05-18,34559,101.0717
2026-05-19,21648,70.5131
2026-05-20,23460,77.5996
2026-05-21,32575,105.5644
2026-05-22,32985,101.1058
2026-05-23,12755,48.52
2026-05-24,7741,35.7391
2026-05-25,28664,94.9099
2026-05-26,27593,83.8145
2026-05-27,31032,92.5559
2026-05-28,28151,87.0143
2026-05-29,35211,102.6812
2026-05-30,12807,47.9298
2026-05-31,7678,38.0297
2026-06-01,31605,95.4173
2026-06-02,30660,86.565
2026-06-03,27373,87.4692
2026-06-04,30267,96.4425
2026-06-05,38991,128.3483
2026-06-06,15767,64.3454
2026-06-07,9167,41.448
2026-06-08,31824,98.465
2026-06-09,40557,136.3986
2026-06-10,31925,107.0728
2026-06-11,25993,90.896
2026-06-12,35763,114.6072
2026-06-13,11903,54.4101
2026-06-14,10341,40.9394
2026-06-15,30486,91.8649
2026-06-16,29134,92.3134
2026-06-17,34298,103.7196
2026-06-18,29317,86.7011
2026-06-19,37344,120.3275
2026-06-20,13935,56.0799
2026-06-21,10063,42.0941
2026-06-22,37399,125.7923
2026-06-23,34738,106.1135
2026-06-24,26464,82.3188
2026-06-25,31766,93.9994
2026-06-26,30403,89.475
2026-06-27,12383,52.3971
2026-06-28,7870,32.1213
2026-06-29,38930,132.8884
